Time,Register Name/Number,Cashier Name,Operation Type,Store Code,UPC,Line Item,Department,Category,Supplier,Supplier Code,Cost,Price,Quantity,Modifiers,Subtotal,Discounts,Net Total,Tax,Total Due,Transaction ID,Customer ID
09/28/2025 06:02 PM,Register 1,Alexandra Rouffignac,SALE,*400000027234,*0686654300729,LBB HT Eclatante - Medium Fuschia Panty,Set,Bra and Panty,Huit,,19.0,55.0,1.0,0.0,55.0,0.0,55.0,3.3,58.3,9B5D8FAE-00C4-4277-8266-A040EB92E670,76059026
09/28/2025 06:02 PM,Register 1,Alexandra Rouffignac,SALE,*400000027180,*0686654300835,LBB HT Eclatante - 32E Fuschia Bra,Set,Bra and Panty,Huit,,42.0,115.0,1.0,0.0,115.0,0.0,115.0,6.9,121.9,9B5D8FAE-00C4-4277-8266-A040EB92E670,76059026
09/28/2025 06:02 PM,Register 1,Alexandra Rouffignac,SALE,*400000007267,*3340443139487,LBB CH Mag Bralette Blk - 32F,general,general,not tracked,,37.44,100.0,1.0,0.0,100.0,0.0,100.0,6.0,106.0,9B5D8FAE-00C4-4277-8266-A040EB92E670,76059026
09/28/2025 06:02 PM,Register 1,Alexandra Rouffignac,SALE,*400000001876,*,LBB CH Norah Wirefree Nude - 32F,general,general,Chantelle,C13F80,31.49,119.0,1.0,0.0,119.0,0.0,119.0,7.14,126.14,9B5D8FAE-00C4-4277-8266-A040EB92E670,76059026
09/28/2025 03:02 PM,Register 1,Alexandra Rouffignac,SALE,*400000018119,*19377354774,LBB EL Reja - Medium Panty Black,Set,Bra and Panty,Elomi,EL303102BLK,13.5,35.0,1.0,0.0,35.0,0.0,35.0,2.1,37.1,D7B35777-2F16-485C-958F-6C0DCA41DB53,76058259
09/28/2025 03:02 PM,Register 1,Alexandra Rouffignac,SALE,*400000017617,*,LBB EL Reja - 34H Bra Black,Set,Bra and Panty,Elomi,EL303102BLK,32.4,82.0,1.0,0.0,82.0,0.0,82.0,4.92,86.92,D7B35777-2F16-485C-958F-6C0DCA41DB53,76058259
09/28/2025 02:14 PM,Register 1,Alexandra Rouffignac,SALE,*400000024400,*66884100528,LBB EUC 3.3 OZ Bottle - Lavander,general,general,not tracked,,3.85,7.0,1.0,0.0,7.0,0.0,7.0,0.42,7.42,FBE4E6CE-5BD9-4A94-871B-BE9B310C71C8,76058017
09/28/2025 02:14 PM,Register 1,Alexandra Rouffignac,SALE,*400000011417,*,LBB EMP Leia - 32G,general,general,not tracked,,95.0,240.0,1.0,0.0,240.0,0.0,240.0,14.4,254.4,FBE4E6CE-5BD9-4A94-871B-BE9B310C71C8,76058017
09/28/2025 02:14 PM,Register 1,Alexandra Rouffignac,SALE,*400000015248,*3546608807945,LBB SP Comete Blk - 34G,general,general,not tracked,,54.5,136.0,1.0,0.0,136.0,0.0,136.0,8.16,144.16,FBE4E6CE-5BD9-4A94-871B-BE9B310C71C8,76058017
09/28/2025 02:14 PM,Register 1,Alexandra Rouffignac,SALE,*400000026169,*3102062418919,LBB AUB Rosess - 34G moss bra,Set,general,Aubade,,68.22,206.0,1.0,0.0,206.0,0.0,206.0,12.36,218.36,FBE4E6CE-5BD9-4A94-871B-BE9B310C71C8,76058017
09/28/2025 01:54 PM,Register 1,Janiyah  Chinn,SALE,*400000015392,*,LBB SP Comete Pnk - 30E,general,general,not tracked,,54.5,136.0,1.0,0.0,136.0,0.0,136.0,8.16,144.16,7E94C30B-78FB-46F8-95E4-78B460B194F8,76057920
09/28/2025 01:30 PM,Register 1,Alexandra Rouffignac,SALE,*400000010793,*,LBB EL Smoothie Clove - 32H,general,general,not tracked,,29.25,76.0,1.0,0.0,76.0,0.0,76.0,4.56,80.56,4FA82608-C469-45D3-B17B-05BDF54422FD,76057795
09/28/2025 01:30 PM,Register 1,Alexandra Rouffignac,SALE,*400000011080,*,LBB EL Smoothie Sahara - 32H,general,general,not tracked,,29.25,76.0,1.0,0.0,76.0,0.0,76.0,4.56,80.56,4FA82608-C469-45D3-B17B-05BDF54422FD,76057795
09/28/2025 01:15 PM,Register 1,Alexandra Rouffignac,SALE,*400000024400,*66884100528,LBB EUC 3.3 OZ Bottle - Lavander,general,general,not tracked,,3.85,7.0,1.0,0.0,7.0,0.0,7.0,0.42,7.42,E9DC5BC7-BC63-4A41-889E-0C79AFF1C4A5,76057704
09/28/2025 01:15 PM,Register 1,Alexandra Rouffignac,SALE,*400000007281,*3340443053247,LBB CH Mag Bralette Blk - 34E,general,general,not tracked,,37.44,100.0,1.0,0.0,100.0,0.0,100.0,6.0,106.0,E9DC5BC7-BC63-4A41-889E-0C79AFF1C4A5,76057704
09/28/2025 01:15 PM,Register 1,Alexandra Rouffignac,SALE,*400000008653,*3340443574438,LBB CH Norah Chic - 34E,general,general,not tracked,,40.32,122.0,1.0,0.0,122.0,0.0,122.0,7.32,129.32,E9DC5BC7-BC63-4A41-889E-0C79AFF1C4A5,76057704
09/28/2025 01:01 PM,Register 1,Janiyah  Chinn,SALE,*400000018584,*,LBB HT Cotton - 32E Nude Bra,Set,Bra and Panty,Huit,,39.0,107.0,1.0,0.0,107.0,0.0,107.0,6.42,113.42,5EFDCD17-8B6D-429D-BD5C-EFBA00D45831,76057630
09/28/2025 01:01 PM,Register 1,Janiyah  Chinn,SALE,*400000025353,*666884500717,LBB EUC 16.9 OZ Bottle - jasmine,general,general,Euclan,,8.85,21.0,1.0,0.0,21.0,0.0,21.0,1.26,22.26,5EFDCD17-8B6D-429D-BD5C-EFBA00D45831,76057630
09/28/2025 01:01 PM,Register 1,Janiyah  Chinn,SALE,*400000005065,*3102062409290,LBB AUB Flawless Love Bra - 32E,general,general,Aubade,5AF14,68.22,206.0,1.0,0.0,206.0,0.0,206.0,12.36,218.36,5EFDCD17-8B6D-429D-BD5C-EFBA00D45831,76057630
09/28/2025 01:01 PM,Register 1,Janiyah  Chinn,SALE,*400000006284,*3102062405223,LBB AUB Vibes Bra Denim - 32E,Bra,general,Aubade,,68.22,206.0,1.0,0.0,206.0,0.0,206.0,12.36,218.36,5EFDCD17-8B6D-429D-BD5C-EFBA00D45831,76057630
09/27/2025 05:54 PM,Register 1,Janiyah  Chinn,SALE,*400000015149,*3546608807977,LBB SP Comete Blk - 30H,general,general,not tracked,,54.5,136.0,1.0,0.0,136.0,0.0,136.0,8.16,144.16,DAA4FC13-82D1-4BAA-B991-6BB5960542DF,76055658
09/27/2025 04:50 PM,Register 1,Janiyah  Chinn,SALE,*400000002743,*66884100474,LBB EUC 3.3 OZ Bottle - Grapefruit,general,general,not tracked,,3.85,7.0,1.0,0.0,7.0,0.0,7.0,0.42,7.42,50D63981-46F4-4394-914B-B34280BA8CB1,76055090
09/27/2025 04:50 PM,Register 1,Janiyah  Chinn,SALE,*400000015224,*354660880783,LBB SP Comete Blk - 34E,general,general,not tracked,,54.5,136.0,1.0,0.0,136.0,0.0,136.0,8.16,144.16,50D63981-46F4-4394-914B-B34280BA8CB1,76055090
09/27/2025 02:10 PM,Register 1,Janiyah  Chinn,SALE,*400000021003,*3102061768534,LBB AUB Danse Panty Opal - M Tanga,Panty,general,Aubade,OG26/OG70,30.37,93.0,1.0,0.0,93.0,0.0,93.0,5.58,98.58,5184927E-9CA4-4356-86B6-9A165ADB9522,75921879
09/27/2025 02:10 PM,Register 1,Janiyah  Chinn,SALE,*400000000961,*3102062065601,LBB AUB Kiss of Love Garter - Opale,general,general,Aubade,2C99,28.61,87.0,1.0,0.0,87.0,0.0,87.0,5.22,92.22,5184927E-9CA4-4356-86B6-9A165ADB9522,75921879
09/27/2025 02:10 PM,Register 1,Janiyah  Chinn,SALE,*400000023601,*3102061768329,LBB AUB Dans OG14-02 OP - 30F,general,general,Aubade,OG14-02,68.22,232.0,1.0,0.0,232.0,0.0,232.0,13.92,245.92,5184927E-9CA4-4356-86B6-9A165ADB9522,75921879
09/27/2025 12:39 PM,Register 1,Ashley Harriet,SALE,*400000003931,*,LBB AA Cosmic Dream Body - Medium,general,general,not tracked,,80.6,243.0,1.0,0.0,243.0,0.0,243.0,14.58,257.58,FF80F53F-6681-4983-887F-5958D261F905,
09/26/2025 06:25 PM,Register 1,Alexandra Rouffignac,SALE,*409999999980,*,Custom amount,general,general,not tracked,,0.0,140.4,1.0,0.0,140.4,0.0,140.4,0.0,140.4,B12AE002-1C02-41C9-B331-18EA1C42DA32,75922588
09/26/2025 05:54 PM,Register 1,Alexandra Rouffignac,SALE,*409999999980,*,Custom amount,general,general,not tracked,,0.0,98.0,1.0,0.0,98.0,0.0,98.0,0.0,98.0,26B9F01D-4EB6-4288-A5F4-5412EB804DD3,76050030
09/26/2025 05:54 PM,Register 1,Alexandra Rouffignac,SALE,*409999999980,*,Custom amount,general,general,not tracked,,0.0,77.0,1.0,0.0,77.0,0.0,77.0,0.0,77.0,26B9F01D-4EB6-4288-A5F4-5412EB804DD3,76050030
09/26/2025 01:17 PM,Register 1,Alexandra Rouffignac,SALE,*400000003672,*,LBB SAM Kimono-Poppies - Test,general,general,not tracked,,183.4,550.0,1.0,0.0,550.0,0.0,550.0,33.0,583.0,E5DBBEBE-373C-41A7-80AE-3E9DAF957CD8,76047888
09/25/2025 12:02 PM,Register 1,Alexandra Rouffignac,SALE,*400000007304,*3340443053261,LBB CH Mag Bralette Blk - 38E,general,general,not tracked,,37.44,100.0,1.0,0.0,100.0,0.0,100.0,6.0,106.0,F678A570-6BA9-4284-BFEB-83786FCABCC5,76043465
09/25/2025 11:52 AM,Register 1,Alexandra Rouffignac,SALE,*400000024431,*666884100719,LBB EUC 3.3 OZ Bottle - jasmine,general,general,not tracked,,3.85,7.0,1.0,0.0,7.0,0.0,7.0,0.42,7.42,BFBA90E8-DADD-45D8-A3AE-19A81A685646,76043401
09/25/2025 11:50 AM,Register 1,Alexandra Rouffignac,SALE,*400000021430,*5052574929046,LBB CK Luxe Latte - 34G,general,general,Curvy Kate,,31.35,89.0,1.0,0.0,89.0,0.0,89.0,5.34,94.34,850F8E65-EA5B-40C8-BD52-007F336D157F,76043401
09/22/2025 02:50 PM,Register 1,Ashley Harriet,SALE,*400000004136,*2100103628625,LBB AJ Jenever Bralette - XS,general,general,Bretelle,,21.0,70.0,1.0,0.0,70.0,0.0,70.0,4.2,74.2,FDDC5266-3A7E-4DE8-B329-F08FF74E993D,76033627
09/22/2025 02:45 PM,Register 1,Ashley Harriet,SALE,*400000025865,*3660621353304,LBB EP Leia Blu - 34G Bra,Set,general,Empreinte,07224/03224,96.0,240.0,1.0,0.0,240.0,0.0,240.0,14.4,254.4,9AC47C72-1119-45BD-A09B-57A21C7B529F,
09/22/2025 02:45 PM,Register 1,Ashley Harriet,SALE,*400000024363,*19377328422,LBB EL Downtime - 34H blk,general,general,Elomi,3014117,33.7,85.0,1.0,0.0,85.0,0.0,85.0,5.1,90.1,9AC47C72-1119-45BD-A09B-57A21C7B529F,
09/22/2025 01:36 PM,Register 1,Ashley Harriet,SALE,*400000015408,*,LBB SP Comete Pnk - 30F,general,general,not tracked,,54.5,136.0,1.0,0.0,136.0,0.0,136.0,8.16,144.16,7554FD2A-014F-40E8-82C1-38E022F629AF,76033216
09/22/2025 01:05 PM,Register 1,Ashley Harriet,SALE,*400000001944,*,LBB CK HAPPY BOOBS DENIM - 30F,general,general,not tracked,,22.2,76.0,1.0,0.0,76.0,7.6,68.4,4.1,72.5,4865FABB-2E57-4719-B6D5-9CBE201B99C0,75925210
09/22/2025 01:05 PM,Register 1,Ashley Harriet,SALE,*400000021508,*5052574929237,LBB CK Luxe Latte - 38FF,general,general,Curvy Kate,,31.35,89.0,1.0,0.0,89.0,0.0,89.0,5.34,94.34,4865FABB-2E57-4719-B6D5-9CBE201B99C0,75925210
09/21/2025 06:20 PM,Register 1,Alexandra Rouffignac,SALE,*400000017754,*,LBB EL Reja - 40H Bra Black,Set,Bra and Panty,Elomi,EL303102BLK,32.4,82.0,1.0,0.0,82.0,0.0,82.0,4.92,86.92,42169345-4AC2-45C3-A8B5-B3D3DEC17270,76031462
09/21/2025 06:02 PM,Register 1,Alexandra Rouffignac,SALE,*400000015217,*35466088077553546608807946,LBB SP Comete Blk - 34D,general,general,not tracked,,54.5,136.0,1.0,0.0,136.0,0.0,136.0,8.16,144.16,D0CF6B14-E3AC-4252-ACCA-A6DD5E9B14C6,76031406
09/21/2025 02:42 PM,Register 1,Alexandra Rouffignac,SALE,*400000007762,*3340443941636,LBB CH Comfort Chic Molded - 32F,Bra,general,Chantelle,C18JNV,40.32,122.0,1.0,0.0,122.0,0.0,122.0,7.32,129.32,8DB59CBE-210A-46B7-BD5F-CCD798DF200B,76030579
09/21/2025 02:42 PM,Register 1,Alexandra Rouffignac,SALE,*400000015965,*3340443574735,LBB CH Norah Chic Blk - 34E,general,general,Chantelle,C16M10,42.24,122.0,1.0,0.0,122.0,0.0,122.0,7.32,129.32,8DB59CBE-210A-46B7-BD5F-CCD798DF200B,76030579
09/21/2025 02:39 PM,Register 1,Alexandra Rouffignac,SALE,*400000024424,*666884100627,LBB EUC 3.3 OZ Bottle - unscented,general,general,not tracked,,3.85,7.0,1.0,0.0,7.0,0.0,7.0,0.42,7.42,C073A4A3-345A-4B78-A503-5312D28B671D,76030548
09/21/2025 02:38 PM,Register 1,Janiyah  Chinn,SALE,*400000026114,*3102062418766,LBB AUB Rosess - 32E moss bra,Set,general,Aubade,,68.22,206.0,1.0,0.0,206.0,0.0,206.0,12.36,218.36,BFB4F976-C879-411F-9675-DA2EA44406FF,76030548
09/21/2025 02:38 PM,Register 1,Janiyah  Chinn,SALE,*400000015170,*354660770818,LBB SP Comete Blk - 32E,general,general,not tracked,,54.5,136.0,1.0,0.0,136.0,0.0,136.0,8.16,144.16,BFB4F976-C879-411F-9675-DA2EA44406FF,76030548
09/21/2025 02:38 PM,Register 1,Janiyah  Chinn,SALE,*400000007755,*3340443941582,LBB CH Comfort Chic Molded - 32E,Bra,general,Chantelle,C18JNV,40.32,122.0,1.0,0.0,122.0,0.0,122.0,7.32,129.32,BFB4F976-C879-411F-9675-DA2EA44406FF,76030548
09/21/2025 01:14 PM,Register 1,Janiyah  Chinn,SALE,*400000002743,*66884100474,LBB EUC 3.3 OZ Bottle - Grapefruit,general,general,not tracked,,3.85,7.0,1.0,0.0,7.0,0.0,7.0,0.42,7.42,E78D96B6-3941-40AA-97B3-AABE04F98742,76030105
09/21/2025 01:14 PM,Register 1,Janiyah  Chinn,SALE,*400000026176,*3102062418711,LBB AUB Rosess - 36D moss bra,Set,general,Aubade,,68.22,206.0,1.0,0.0,206.0,0.0,206.0,12.36,218.36,E78D96B6-3941-40AA-97B3-AABE04F98742,76030105
09/21/2025 01:14 PM,Register 1,Janiyah  Chinn,SALE,*400000014814,*,LBB SP Andora blush  - 36E,general,general,Simone Perele,131343383,50.0,126.0,1.0,0.0,126.0,0.0,126.0,7.56,133.56,E78D96B6-3941-40AA-97B3-AABE04F98742,76030105
09/21/2025 01:14 PM,Register 1,Janiyah  Chinn,SALE,*400000015279,*3546608807830,LBB SP Comete Blk - 36E,general,general,not tracked,,54.5,136.0,1.0,0.0,136.0,0.0,136.0,8.16,144.16,E78D96B6-3941-40AA-97B3-AABE04F98742,76030105
09/21/2025 12:40 PM,Register 1,Alexandra Rouffignac,SALE,*400000010892,*,LBB EL Smoothie Clove - 36G,general,general,not tracked,,29.25,76.0,1.0,0.0,76.0,0.0,76.0,4.56,80.56,66180FF1-39CC-4AFC-9E9E-BF5961E4A5F5,76029941
09/21/2025 12:40 PM,Register 1,Alexandra Rouffignac,SALE,*400000018102,*19373547367,LBB EL Reja - Large Panty Black,Set,Bra and Panty,Elomi,EL303102BLK,13.5,35.0,1.0,0.0,35.0,0.0,35.0,2.1,37.1,66180FF1-39CC-4AFC-9E9E-BF5961E4A5F5,76029941
09/21/2025 12:40 PM,Register 1,Alexandra Rouffignac,SALE,*400000017648,*,LBB EL Reja - 36GG Bra Black,Set,Bra and Panty,Elomi,EL303102BLK,32.4,82.0,1.0,0.0,82.0,0.0,82.0,4.92,86.92,66180FF1-39CC-4AFC-9E9E-BF5961E4A5F5,76029941
09/21/2025 12:40 PM,Register 1,Alexandra Rouffignac,SALE,*400000025896,*3660621353311,LBB EP Leia Blu - 36G Bra,Set,general,Empreinte,07224/03224,96.0,240.0,1.0,0.0,240.0,0.0,240.0,14.4,254.4,66180FF1-39CC-4AFC-9E9E-BF5961E4A5F5,76029941
09/21/2025 12:40 PM,Register 1,Alexandra Rouffignac,SALE,*400000026060,*3660621348041,LBB EP Leia Blu - L Brief,Set,general,Empreinte,07224/03224,42.5,107.0,1.0,0.0,107.0,0.0,107.0,6.42,113.42,66180FF1-39CC-4AFC-9E9E-BF5961E4A5F5,76029941
09/21/2025 12:35 PM,Register 1,Alexandra Rouffignac,SALE,*400000003948,*,LBB AJ Arganzuela Panties - Small,general,general,not tracked,,25.0,101.0,1.0,0.0,101.0,0.0,101.0,6.06,107.06,D276CDD6-BBF8-49C5-9B71-C0D796B0E53F,
09/20/2025 05:26 PM,Register 1,Janiyah  Chinn,SALE,*400000024431,*666884100719,LBB EUC 3.3 OZ Bottle - jasmine,general,general,not tracked,,3.85,7.0,1.0,0.0,7.0,0.0,7.0,0.42,7.42,A06410BF-C90B-45E5-A80A-200689A092D2,76027725
09/20/2025 05:26 PM,Register 1,Janiyah  Chinn,SALE,*400000003344,*,LBB MC Cut And Back Seam - 3,general,general,not tracked,,0.0,50.0,1.0,0.0,50.0,0.0,50.0,3.0,53.0,A06410BF-C90B-45E5-A80A-200689A092D2,76027725
09/20/2025 05:26 PM,Register 1,Janiyah  Chinn,SALE,*400000022253,*3102062402895,LBB AUB Sweet Obsession - S kimono denim,general,general,Aubade,,99.03,298.0,1.0,0.0,298.0,0.0,298.0,17.88,315.88,A06410BF-C90B-45E5-A80A-200689A092D2,76027725
09/20/2025 05:26 PM,Register 1,Janiyah  Chinn,SALE,*400000006277,*3102062405087,LBB AUB Vibes Bra Denim - 32D,Bra,general,Aubade,,68.22,206.0,1.0,0.0,206.0,0.0,206.0,12.36,218.36,A06410BF-C90B-45E5-A80A-200689A092D2,76027725
09/20/2025 05:26 PM,Register 1,Janiyah  Chinn,SALE,*400000006338,*3102062403632,LBB AUB Vibes Tanga Denim - Medium,general,general,Aubade,,39.17,119.0,1.0,0.0,119.0,0.0,119.0,7.14,126.14,A06410BF-C90B-45E5-A80A-200689A092D2,76027725
09/20/2025 05:26 PM,Register 1,Janiyah  Chinn,SALE,*400000022154,*9359999016358,LBB DVT Yva - M blue Sus,Set,general,Dita Von Tease,,38.25,115.0,1.0,0.0,115.0,0.0,115.0,6.9,121.9,A06410BF-C90B-45E5-A80A-200689A092D2,76027725
09/20/2025 05:26 PM,Register 1,Janiyah  Chinn,SALE,*400000021553,*9359999016525,LBB DVT Yva - 32DD blue demi,Set,general,Dita Von Tease,,36.0,109.0,1.0,0.0,109.0,0.0,109.0,6.54,115.54,A06410BF-C90B-45E5-A80A-200689A092D2,76027725
09/20/2025 05:26 PM,Register 1,Janiyah  Chinn,SALE,*400000021997,*9359999016303,LBB DVT Yva - M blue Panty,Set,general,Dita Von Tease,,22.5,69.0,1.0,0.0,69.0,0.0,69.0,4.14,73.14,A06410BF-C90B-45E5-A80A-200689A092D2,76027725
09/20/2025 05:26 PM,Register 1,Janiyah  Chinn,SALE,*400000006499,*,LBB BR Absinthe Panties - Large,general,general,not tracked,,8.0,30.0,1.0,0.0,30.0,0.0,30.0,1.8,31.8,A06410BF-C90B-45E5-A80A-200689A092D2,76027725
09/20/2025 05:26 PM,Register 1,Janiyah  Chinn,SALE,*400000015910,*3340443574728,LBB CH Norah Chic Blk - 32E,general,general,Chantelle,C16M10,42.24,122.0,1.0,0.0,122.0,0.0,122.0,7.32,129.32,A06410BF-C90B-45E5-A80A-200689A092D2,76027725
09/20/2025 02:45 PM,Register 1,Alexandra Rouffignac,SALE,*400000022956,*3340443029648,LBB CH Cami - M/L nude,general,general,Chantelle,C10620,23.92,61.0,1.0,0.0,61.0,0.0,61.0,3.66,64.66,50C0A1AE-C3EC-4FC5-BB9B-A6B7FC239EA8,76026288
09/20/2025 02:45 PM,Register 1,Alexandra Rouffignac,SALE,*400000015996,*3340443574742,LBB CH Norah Chic Blk - 36E,general,general,Chantelle,C16M10,40.32,122.0,1.0,0.0,122.0,0.0,122.0,7.32,129.32,50C0A1AE-C3EC-4FC5-BB9B-A6B7FC239EA8,76026288
09/20/2025 02:45 PM,Register 1,Alexandra Rouffignac,SALE,*400000023403,*3340443053308,LBB CH Mag Bralette Blk - 36F,general,general,not tracked,,37.44,100.0,1.0,0.0,100.0,0.0,100.0,6.0,106.0,50C0A1AE-C3EC-4FC5-BB9B-A6B7FC239EA8,76026288
09/20/2025 02:45 PM,Register 1,Alexandra Rouffignac,SALE,*400000009773,*3340443383030,LBB CH Norah Wirefree Nude - 36F,general,general,not tracked,,39.36,119.0,1.0,0.0,119.0,0.0,119.0,7.14,126.14,50C0A1AE-C3EC-4FC5-BB9B-A6B7FC239EA8,76026288
09/20/2025 02:45 PM,Register 1,Alexandra Rouffignac,SALE,*400000008684,*3340443574445,LBB CH Norah Chic - 36E,general,general,not tracked,,40.32,122.0,1.0,0.0,122.0,0.0,122.0,7.32,129.32,50C0A1AE-C3EC-4FC5-BB9B-A6B7FC239EA8,76026288
09/20/2025 02:32 PM,Register 1,Janiyah  Chinn,SALE,*400000018546,*,LBB HT Cotton - 30D Nude Bra,Set,Bra and Panty,Huit,,39.0,107.0,1.0,0.0,107.0,0.0,107.0,6.42,113.42,38D6D9B7-8FB1-4B34-BB8C-DDA1A1EFA7F7,76026123
09/19/2025 06:53 PM,Register 1,Alexandra Rouffignac,SALE,*400000012483,*,LBB ESC Nikita Bra Black - 34E,general,general,not tracked,,70.0,280.0,1.0,0.0,280.0,0.0,280.0,16.8,296.8,F9617F1A-7974-4768-8F51-C32B32B9F9F7,75923282
09/19/2025 06:53 PM,Register 1,Alexandra Rouffignac,SALE,*400000023724,*,LBB ESC Nikita Panty - Medium BLK,general,general,not tracked,,0.0,144.0,1.0,0.0,144.0,0.0,144.0,8.64,152.64,F9617F1A-7974-4768-8F51-C32B32B9F9F7,75923282
09/19/2025 06:53 PM,Register 1,Alexandra Rouffignac,SALE,*400000000930,*,LBB AUB Iconic Bustier - Medium,general,general,not tracked,,103.43,312.0,1.0,0.0,312.0,0.0,312.0,18.72,330.72,F9617F1A-7974-4768-8F51-C32B32B9F9F7,75923282
09/19/2025 05:27 PM,Register 1,Alexandra Rouffignac,SALE,*400000024301,*,Bra Fitting,general,general,not tracked,,0.0,25.0,1.0,0.0,25.0,0.0,25.0,0.0,25.0,21902C4C-3DBD-43ED-A489-9AE5D7F4EED1,76022208
09/19/2025 02:23 PM,Register 1,Alexandra Rouffignac,SALE,*400000024479,*3340443515042,LBB CH Norah Front close - 32G Nude,Bra,general,Chantelle,C13F60,42.24,107.0,1.0,0.0,107.0,0.0,107.0,6.42,113.42,02738D2A-4E9E-4BEB-BE6D-31A49D56CE9A,76020790
09/19/2025 02:23 PM,Register 1,Alexandra Rouffignac,SALE,*400000015934,*3340443574834,LBB CH Norah Chic Blk - 32G,general,general,Chantelle,C16M10,42.24,122.0,1.0,0.0,122.0,0.0,122.0,7.32,129.32,02738D2A-4E9E-4BEB-BE6D-31A49D56CE9A,76020790
09/19/2025 02:23 PM,Register 1,Alexandra Rouffignac,SALE,*400000011394,*,LBB EMP Leia - 32E,general,general,not tracked,,95.0,240.0,1.0,0.0,240.0,0.0,240.0,14.4,254.4,02738D2A-4E9E-4BEB-BE6D-31A49D56CE9A,76020790
09/18/2025 02:33 PM,Register 1,Alexandra Rouffignac,SALE,*400000024424,*666884100627,LBB EUC 3.3 OZ Bottle - unscented,general,general,not tracked,,3.85,7.0,1.0,0.0,7.0,0.0,7.0,0.42,7.42,69E95773-C961-4828-8C8E-A3E34441B93E,76016654
09/18/2025 02:33 PM,Register 1,Alexandra Rouffignac,SALE,*400000007151,*,LBB CH C JOLIE Nude - 32C,general,general,not tracked,,38.54,117.0,1.0,0.0,117.0,0.0,117.0,7.02,124.02,69E95773-C961-4828-8C8E-A3E34441B93E,76016654
09/18/2025 02:33 PM,Register 1,Alexandra Rouffignac,SALE,*400000023526,*3102061767797,LBB AUB Dans Plunge Opal - 32C,Bra,general,Aubade,OG12,65.58,232.0,1.0,0.0,232.0,0.0,232.0,13.92,245.92,69E95773-C961-4828-8C8E-A3E34441B93E,76016654
09/18/2025 02:33 PM,Register 1,Alexandra Rouffignac,SALE,*400000019673,*3340443823178,LBB CH Norah Plunge - 32C,Bra,Padded Plunge,Chantelle,C16MNA,40.32,122.0,1.0,0.0,122.0,0.0,122.0,7.32,129.32,69E95773-C961-4828-8C8E-A3E34441B93E,76016654
09/17/2025 06:40 PM,Register 1,Alexandra Rouffignac,SALE,*400000024325,*,Misc Taxable,general,general,not tracked,,0.0,43.57,1.0,0.0,43.57,0.0,43.57,2.61,46.18,710A4922-63B7-4241-BEBD-EA18DABDDF67,75922588
09/17/2025 03:20 PM,Register 1,Alexandra Rouffignac,SALE,*400000015347,*354660807880,LBB SP Comete Blk - 38G,general,general,not tracked,,54.5,136.0,1.0,0.0,136.0,0.0,136.0,8.16,144.16,39B549E3-C1E8-490B-875F-3FC96E7E2E46,76012954
09/17/2025 03:20 PM,Register 1,Alexandra Rouffignac,SALE,*400000015620,*,LBB SP Comete Pnk - 38G,general,general,not tracked,,54.5,136.0,1.0,0.0,136.0,0.0,136.0,8.16,144.16,39B549E3-C1E8-490B-875F-3FC96E7E2E46,76012954
09/16/2025 06:27 PM,Register 1,Ashley Harriet,SALE,*400000013183,*,LBB FR Sonic Sports Bra - 38GG,general,general,not tracked,,34.83,85.0,1.0,0.0,85.0,0.0,85.0,5.1,90.1,9144189C-1AA3-4C2E-B4E9-28D755A9B320,76010087
09/16/2025 06:27 PM,Register 1,Ashley Harriet,SALE,*400000002224,*,LBB EL KINTA - 38H,general,general,not tracked,,28.8,75.0,1.0,0.0,75.0,0.0,75.0,4.5,79.5,9144189C-1AA3-4C2E-B4E9-28D755A9B320,76010087
09/16/2025 06:27 PM,Register 1,Ashley Harriet,SALE,*400000010786,*,LBB EL Smoothie Clove - 32GG,general,general,not tracked,,29.25,76.0,1.0,0.0,76.0,0.0,76.0,4.56,80.56,9144189C-1AA3-4C2E-B4E9-28D755A9B320,76010087
09/16/2025 06:27 PM,Register 1,Ashley Harriet,SALE,*400000010236,*,LBB CK HAPPY BOOBS DENIM - 36G,general,general,not tracked,,22.2,76.0,1.0,0.0,76.0,0.0,76.0,4.56,80.56,9144189C-1AA3-4C2E-B4E9-28D755A9B320,76010087
09/16/2025 06:27 PM,Register 1,Ashley Harriet,SALE,*400000021461,*5052574929138,LBB CK Luxe Latte - 36FF,general,general,Curvy Kate,,31.35,89.0,1.0,0.0,89.0,0.0,89.0,5.34,94.34,9144189C-1AA3-4C2E-B4E9-28D755A9B320,76010087
09/16/2025 06:27 PM,Register 1,Ashley Harriet,SALE,*400000008332,*,LBB CH Lucie - 36G,general,general,not tracked,,40.32,122.0,1.0,0.0,122.0,0.0,122.0,7.32,129.32,9144189C-1AA3-4C2E-B4E9-28D755A9B320,76010087
09/14/2025 02:54 PM,Register 1,Alexandra Rouffignac,SALE,*400000002736,*,LBB EUC 16.9 OZ Bottle - Eucalyptus,general,general,not tracked,,8.85,21.0,1.0,0.0,21.0,0.0,21.0,1.26,22.26,16429210-DFE3-4D15-9A5D-C233845001AB,76002238
09/14/2025 02:54 PM,Register 1,Alexandra Rouffignac,SALE,*400000005102,*3102062407234,LBB AUB Flawless Love Brief - Small,general,general,Aubade,5A20,46.21,140.0,1.0,0.0,140.0,0.0,140.0,8.4,148.4,16429210-DFE3-4D15-9A5D-C233845001AB,76002238
09/14/2025 02:54 PM,Register 1,Alexandra Rouffignac,SALE,*400000024608,*0730056960415,LBB HT Deco  - 34C turq bra,Set,general,Huit,DEC-C5,58.79,148.0,1.0,0.0,148.0,0.0,148.0,8.88,156.88,16429210-DFE3-4D15-9A5D-C233845001AB,76002238
09/14/2025 02:54 PM,Register 1,Alexandra Rouffignac,SALE,*400000024776,*0730056960590,LBB HT Deco  - L turq tanga,Set,general,Huit,DEC-C5,26.79,68.0,1.0,0.0,68.0,0.0,68.0,4.08,72.08,16429210-DFE3-4D15-9A5D-C233845001AB,76002238
09/14/2025 02:54 PM,Register 1,Alexandra Rouffignac,SALE,*400000024769,*0730056960583,LBB HT Deco  - M turq tanga,Set,general,Huit,DEC-C5,26.79,68.0,1.0,0.0,68.0,0.0,68.0,4.08,72.08,16429210-DFE3-4D15-9A5D-C233845001AB,76002238
09/14/2025 02:54 PM,Register 1,Alexandra Rouffignac,SALE,*400000022994,*354880871019,LBB SP Romance Red - 34D,Bra,Set,Simone Perele,IG2710/IG2319,56.5,150.0,1.0,0.0,150.0,0.0,150.0,9.0,159.0,16429210-DFE3-4D15-9A5D-C233845001AB,76002238
09/14/2025 02:54 PM,Register 1,Alexandra Rouffignac,SALE,*400000023052,*354808871750,LBB SP Romance Red - L,Bra,Set,Simone Perele,IG2710/IG2319,56.5,87.0,1.0,0.0,87.0,0.0,87.0,5.22,92.22,16429210-DFE3-4D15-9A5D-C233845001AB,76002238
09/14/2025 02:54 PM,Register 1,Alexandra Rouffignac,SALE,*400000013473,*,LBB HT ECLAT Panties - Medium Fushia,general,general,not tracked,,0.0,55.0,1.0,0.0,55.0,0.0,55.0,3.3,58.3,16429210-DFE3-4D15-9A5D-C233845001AB,76002238
09/14/2025 02:54 PM,Register 1,Alexandra Rouffignac,SALE,*400000012629,*,LBB FA Beach Waves Lin - 34E,general,general,not tracked,,34.67,88.0,1.0,0.0,88.0,0.0,88.0,5.28,93.28,16429210-DFE3-4D15-9A5D-C233845001AB,76002238
09/14/2025 02:54 PM,Register 1,Alexandra Rouffignac,SALE,*400000002767,*,LBB FA Beach Waves Bottom - L,general,general,not tracked,,23.36,60.0,1.0,0.0,60.0,0.0,60.0,3.6,63.6,16429210-DFE3-4D15-9A5D-C233845001AB,76002238
09/14/2025 02:54 PM,Register 1,Alexandra Rouffignac,SALE,*400000022239,*3102062402765,LBB AUB Sweet Obsession - M Short denim,general,general,Aubade,,43.57,132.0,1.0,0.0,132.0,0.0,132.0,7.92,139.92,16429210-DFE3-4D15-9A5D-C233845001AB,76002238
09/14/2025 02:54 PM,Register 1,Alexandra Rouffignac,SALE,*400000022208,*3102062402345,LBB AUB Sweet Obsession - M top denim,general,general,Aubade,,43.57,132.0,1.0,0.0,132.0,0.0,132.0,7.92,139.92,16429210-DFE3-4D15-9A5D-C233845001AB,76002238
09/13/2025 05:37 PM,Register 1,Alexandra Rouffignac,SALE,*400000006833,*,LBB CH Basic Invisible - 34E,general,general,not tracked,,37.92,115.0,1.0,0.0,115.0,0.0,115.0,6.9,121.9,D5929A63-203B-489A-83B9-B12A72118E66,75999678
09/13/2025 04:29 PM,Register 1,Alexandra Rouffignac,SALE,*400000015248,*3546608807945,LBB SP Comete Blk - 34G,general,general,not tracked,,54.5,136.0,1.0,0.0,136.0,0.0,136.0,8.16,144.16,A4523453-3839-44CD-9113-25F79AF97B7F,75999097
09/13/2025 04:29 PM,Register 1,Alexandra Rouffignac,SALE,*400000009742,*3340443383122,LBB CH Norah Wirefree Nude - 34H,general,general,not tracked,,39.36,119.0,1.0,0.0,119.0,0.0,119.0,7.14,126.14,A4523453-3839-44CD-9113-25F79AF97B7F,75999097
09/13/2025 04:00 PM,Register 1,Alexandra Rouffignac,SALE,*400000014296,*,LBB MC Glossy Tights Blk/silver - 2,general,general,not tracked,,0.0,47.0,1.0,0.0,47.0,0.0,47.0,2.82,49.82,3B685C73-6265-4C3E-A1D7-3AC79CA9EF65,
09/13/2025 03:55 PM,Register 1,Alexandra Rouffignac,SALE,*400000024356,*19377328414,LBB EL Downtime - 34G blk,general,general,Elomi,3014117,33.7,85.0,1.0,0.0,85.0,0.0,85.0,5.1,90.1,FCEF7A0A-90AB-4AF3-9C13-E5802524E688,75942946
09/13/2025 03:55 PM,Register 1,Alexandra Rouffignac,SALE,*400000024370,*193773418230,LBB EL Nerina - 32GG Blue,general,general,Elomi,302734,35.5,89.0,1.0,0.0,89.0,0.0,89.0,5.34,94.34,FCEF7A0A-90AB-4AF3-9C13-E5802524E688,75942946
09/13/2025 02:25 PM,Register 1,Alexandra Rouffignac,SALE,*400000018614,*,LBB HT Cotton - 34E Nude Bra,Set,Bra and Panty,Huit,,39.0,107.0,1.0,0.0,107.0,0.0,107.0,6.42,113.42,DD4DDB26-D632-4899-8F0B-CA6DB66239F0,75997813
09/13/2025 02:25 PM,Register 1,Alexandra Rouffignac,SALE,*400000009681,*3340443383061,LBB CH Norah Wirefree Nude - 32G,general,general,not tracked,,39.36,119.0,1.0,0.0,119.0,0.0,119.0,7.14,126.14,DD4DDB26-D632-4899-8F0B-CA6DB66239F0,75997813
09/13/2025 01:09 PM,Register 1,Alexandra Rouffignac,SALE,*400000024530,*3340443515011,LBB CH Norah Front close - 36F Nude,Bra,general,Chantelle,C13F60,42.24,107.0,1.0,0.0,107.0,0.0,107.0,6.42,113.42,DDF85D57-DD1F-4811-92B9-E83BAC259EC5,75997082
09/13/2025 01:09 PM,Register 1,Alexandra Rouffignac,SALE,*400000015286,*3546608807908,LBB SP Comete Blk - 36F,general,general,not tracked,,54.5,136.0,1.0,0.0,136.0,0.0,136.0,8.16,144.16,DDF85D57-DD1F-4811-92B9-E83BAC259EC5,75997082
09/13/2025 11:55 AM,Register 1,Alexandra Rouffignac,SALE,*400000014609,*,LBB SAM Illusion Midnight Bra - Large,general,general,not tracked,,37.28,102.0,1.0,0.0,102.0,0.0,102.0,6.12,108.12,2CA888CF-5AB5-4DDA-967A-D2B69DDC4538,75996460
09/13/2025 11:55 AM,Register 1,Alexandra Rouffignac,SALE,*400000014593,*,LBB SAM Illusion Brief Midnight - Medium,general,general,not tracked,,29.28,80.0,1.0,0.0,80.0,0.0,80.0,4.8,84.8,2CA888CF-5AB5-4DDA-967A-D2B69DDC4538,75996460
09/12/2025 05:43 PM,Register 1,Stephanie Jacek,SALE,*400000002873,*,LBB HT Cotton Shorty - L,general,general,not tracked,,21.0,58.0,1.0,0.0,58.0,0.0,58.0,3.48,61.48,4BD8DBF8-59C0-4147-A997-12D4901BFB55,75994362
09/12/2025 05:43 PM,Register 1,Stephanie Jacek,SALE,*400000021140,*,LBB SAM Built Up Chemise - XL Blue,Slip,general,Samantha Chang,SC222216,58.48,159.0,1.0,0.0,159.0,0.0,159.0,9.54,168.54,4BD8DBF8-59C0-4147-A997-12D4901BFB55,75994362
09/12/2025 05:43 PM,Register 1,Stephanie Jacek,SALE,*400000004808,*3102061733570,LBB AUB Danse 0G14-02 blk - 36E,Bra,general,Aubade,OG14-02,68.22,232.0,1.0,0.0,232.0,0.0,232.0,13.92,245.92,4BD8DBF8-59C0-4147-A997-12D4901BFB55,75994362
09/12/2025 05:43 PM,Register 1,Stephanie Jacek,SALE,*400000004884,*3102061733884,LBB AUB Danse brief blk - XL,general,general,Aubade,OG70,41.81,127.0,1.0,0.0,127.0,0.0,127.0,7.62,134.62,4BD8DBF8-59C0-4147-A997-12D4901BFB55,75994362
09/12/2025 05:43 PM,Register 1,Stephanie Jacek,SALE,*400000021201,*,LBB CH Softstretch Panty - OS Nude Cheeky,Panty,general,Chantelle,,8.0,24.0,1.0,0.0,24.0,0.0,24.0,1.44,25.44,4BD8DBF8-59C0-4147-A997-12D4901BFB55,75994362
09/12/2025 05:43 PM,Register 1,Stephanie Jacek,SALE,*400000019161,*334044137137,LBB CH Magique - 36E Nude Bra,Bra,general,Chantelle,,42.24,116.0,1.0,0.0,116.0,0.0,116.0,6.96,122.96,4BD8DBF8-59C0-4147-A997-12D4901BFB55,75994362
09/12/2025 05:43 PM,Register 1,Stephanie Jacek,SALE,*400000019161,*334044137137,LBB CH Magique - 36E Nude Bra,Bra,general,Chantelle,,42.24,116.0,1.0,0.0,116.0,0.0,116.0,6.96,122.96,4BD8DBF8-59C0-4147-A997-12D4901BFB55,75994362
09/12/2025 05:43 PM,Register 1,Stephanie Jacek,SALE,*400000019161,*334044137137,LBB CH Magique - 36E Nude Bra,Bra,general,Chantelle,,42.24,116.0,1.0,0.0,116.0,0.0,116.0,6.96,122.96,4BD8DBF8-59C0-4147-A997-12D4901BFB55,75994362
09/12/2025 05:43 PM,Register 1,Stephanie Jacek,SALE,*400000008813,*3340443823291,LBB CH Norah Plunge - 36E,Bra,Padded Plunge,Chantelle,C16MNA,40.32,122.0,1.0,0.0,122.0,0.0,122.0,7.32,129.32,4BD8DBF8-59C0-4147-A997-12D4901BFB55,75994362
09/12/2025 05:43 PM,Register 1,Stephanie Jacek,SALE,*400000021171,*,LBB ART Stocking Nude - Medium,general,general,not tracked,,0.0,55.0,1.0,0.0,55.0,0.0,55.0,3.3,58.3,4BD8DBF8-59C0-4147-A997-12D4901BFB55,75994362
09/12/2025 05:43 PM,Register 1,Stephanie Jacek,SALE,*400000023052,*354808871750,LBB SP Romance Red - L,Bra,Set,Simone Perele,IG2710/IG2319,56.5,87.0,1.0,0.0,87.0,0.0,87.0,5.22,92.22,4BD8DBF8-59C0-4147-A997-12D4901BFB55,75994362
09/12/2025 05:43 PM,Register 1,Stephanie Jacek,SALE,*400000023021,*354808871084,LBB SP Romance Red - 36E,Bra,Set,Simone Perele,IG2710/IG2319,56.5,150.0,1.0,0.0,150.0,0.0,150.0,9.0,159.0,4BD8DBF8-59C0-4147-A997-12D4901BFB55,75994362
09/12/2025 01:58 PM,Register 1,Alexandra Rouffignac,SALE,*400000007380,*3340443601554,LBB CH Comfort Chic - 34F,general,general,not tracked,,39.36,122.0,1.0,0.0,122.0,0.0,122.0,7.32,129.32,A5F48A94-3C33-4DCB-9252-A2FD4C0DBAEA,75924048
09/12/2025 12:07 PM,Register 1,Alexandra Rouffignac,SALE,*400000009735,*3340443383078,LBB CH Norah Wirefree Nude - 34G,general,general,not tracked,,39.36,119.0,1.0,0.0,119.0,0.0,119.0,7.14,126.14,BD2F1CC2-23EC-4692-9108-8C8E1143B4D2,75917942
09/12/2025 12:07 PM,Register 1,Alexandra Rouffignac,SALE,*400000024516,*3340443515059,LBB CH Norah Front close - 34G Nude,Bra,general,Chantelle,C13F60,42.24,107.0,1.0,0.0,107.0,0.0,107.0,6.42,113.42,BD2F1CC2-23EC-4692-9108-8C8E1143B4D2,75917942
09/10/2025 01:31 PM,Register 1,Alexandra Rouffignac,SALE,*400000024318,*,Shipping,general,general,not tracked,,0.0,9.99,1.0,0.0,9.99,0.0,9.99,0.0,9.99,436FFFF5-8A65-4C5D-85C1-DCC507A1655B,75926989
09/10/2025 01:31 PM,Register 1,Alexandra Rouffignac,SALE,*400000002743,*,LBB EUC 3.3 OZ Bottle - Grapefruit,general,general,not tracked,,3.85,7.0,1.0,0.0,7.0,0.0,7.0,0.42,7.42,436FFFF5-8A65-4C5D-85C1-DCC507A1655B,75926989
09/10/2025 01:31 PM,Register 1,Alexandra Rouffignac,SALE,*400000002736,*,LBB EUC 16.9 OZ Bottle - Eucalyptus,general,general,not tracked,,8.85,21.0,1.0,0.0,21.0,0.0,21.0,1.26,22.26,436FFFF5-8A65-4C5D-85C1-DCC507A1655B,75926989
09/10/2025 01:31 PM,Register 1,Alexandra Rouffignac,SALE,*400000009551,*3340443383368,LBB CH Norah Wirefree Blk - 36G,general,general,not tracked,,39.36,119.0,1.0,0.0,119.0,0.0,119.0,7.14,126.14,436FFFF5-8A65-4C5D-85C1-DCC507A1655B,75926989
09/10/2025 01:31 PM,Register 1,Alexandra Rouffignac,SALE,*400000007298,*3340443053254,LBB CH Mag Bralette Blk - 36E,general,general,not tracked,,37.44,100.0,1.0,0.0,100.0,0.0,100.0,6.0,106.0,436FFFF5-8A65-4C5D-85C1-DCC507A1655B,75926989
09/10/2025 01:31 PM,Register 1,Alexandra Rouffignac,SALE,*400000009766,*3340443382989,LBB CH Norah Wirefree Nude - 36E,general,general,not tracked,,39.36,119.0,2.0,0.0,238.0,0.0,238.0,14.28,252.28,436FFFF5-8A65-4C5D-85C1-DCC507A1655B,75926989
09/09/2025 01:01 PM,Register 1,Ashley Harriet,SALE,*409999999980,*,Custom amount,general,general,not tracked,,0.0,25.0,1.0,0.0,25.0,0.0,25.0,0.0,25.0,AF91088D-80FD-4E90-9073-E69D592D457E,75980373
09/09/2025 12:12 PM,Register 1,Ashley Harriet,SALE,*400000007427,*,LBB CH Comfort Chic - 36G,general,general,not tracked,,39.36,122.0,1.0,0.0,122.0,0.0,122.0,7.32,129.32,C297200F-48F9-43A2-B62D-F658F43B6187,75980088
09/08/2025 06:03 PM,Register 1,Ashley Harriet,SALE,*400000002842,*,LBB HT Cafe Fleur Taupe Bustier - 32B,general,general,not tracked,,65.0,176.0,1.0,0.0,176.0,0.0,176.0,10.56,186.56,AB7DAB9E-B939-4F08-8FD6-10AC0B080D3A,75978567
09/08/2025 06:03 PM,Register 1,Ashley Harriet,SALE,*400000013244,*,LBB HT Cafe Fleur Taupe Tanga - Large,general,general,not tracked,,27.0,73.0,1.0,0.0,73.0,0.0,73.0,4.38,77.38,AB7DAB9E-B939-4F08-8FD6-10AC0B080D3A,75978567
09/08/2025 12:29 PM,Register 1,Ashley Harriet,SALE,*400000002743,*,LBB EUC 3.3 OZ Bottle - Grapefruit,general,general,not tracked,,3.85,7.0,2.0,0.0,14.0,0.0,14.0,0.84,14.84,4736741A-3844-4517-B371-B1BAAC761B73,75928392
09/08/2025 12:29 PM,Register 1,Ashley Harriet,SALE,*400000002736,*,LBB EUC 16.9 OZ Bottle - Eucalyptus,general,general,not tracked,,8.85,21.0,1.0,0.0,21.0,0.0,21.0,1.26,22.26,4736741A-3844-4517-B371-B1BAAC761B73,75928392
09/08/2025 12:29 PM,Register 1,Ashley Harriet,SALE,*400000019697,*3340443823130,LBB CH Norah Plunge - 32B,Bra,Padded Plunge,Chantelle,C16MNA,40.32,122.0,1.0,0.0,122.0,0.0,122.0,7.32,129.32,4736741A-3844-4517-B371-B1BAAC761B73,75928392
09/08/2025 12:29 PM,Register 1,Ashley Harriet,SALE,*400000018621,*,LBB HT Cotton - 30C Nude Bra,Set,Bra and Panty,Huit,,39.0,107.0,1.0,0.0,107.0,0.0,107.0,6.42,113.42,4736741A-3844-4517-B371-B1BAAC761B73,75928392
09/07/2025 03:10 PM,Register 1,Janiyah  Chinn,SALE,*400000007311,*3340443053315,LBB CH Mag Bralette Blk - 38F,general,general,not tracked,,37.44,100.0,1.0,0.0,100.0,0.0,100.0,6.0,106.0,41206A28-7141-4E7A-B916-F02C9CB0EE94,75974477
09/07/2025 03:10 PM,Register 1,Janiyah  Chinn,SALE,*400000009810,*3340443383047,LBB CH Norah Wirefree Nude - 38F,general,general,not tracked,,39.36,119.0,1.0,0.0,119.0,0.0,119.0,7.14,126.14,41206A28-7141-4E7A-B916-F02C9CB0EE94,75974477
09/06/2025 01:39 PM,Register 1,Stephanie Jacek,SALE,*400000002743,*,LBB EUC 3.3 OZ Bottle - Grapefruit,general,general,not tracked,,3.85,7.0,1.0,0.0,7.0,0.0,7.0,0.42,7.42,20AA5298-71C2-4550-86C7-B7177FF9FEF2,
09/06/2025 01:38 PM,Register 1,Stephanie Jacek,SALE,*400000014913,*,LBB SP Andora Plunge Blush - 32E,general,general,not tracked,,52.0,131.0,1.0,0.0,131.0,0.0,131.0,7.86,138.86,9065DE2B-53D4-48D7-B8D3-6EAB000516D5,75969854
09/06/2025 01:38 PM,Register 1,Stephanie Jacek,SALE,*400000007946,*,LBB CH Day To Night - 32E,general,general,not tracked,,45.12,125.0,1.0,0.0,125.0,0.0,125.0,7.5,132.5,9065DE2B-53D4-48D7-B8D3-6EAB000516D5,75969854
09/06/2025 01:38 PM,Register 1,Stephanie Jacek,SALE,*400000019130,*334044137113,LBB CH Magique - 32E Nude Bra,Bra,general,Chantelle,,42.24,116.0,1.0,0.0,116.0,0.0,116.0,6.96,122.96,9065DE2B-53D4-48D7-B8D3-6EAB000516D5,75969854
09/06/2025 01:38 PM,Register 1,Stephanie Jacek,SALE,*400000004860,*3102061733860,LBB AUB Danse brief blk - Medium,general,general,Aubade,OG70,41.81,127.0,1.0,0.0,127.0,0.0,127.0,7.62,134.62,9065DE2B-53D4-48D7-B8D3-6EAB000516D5,75969854
09/06/2025 01:38 PM,Register 1,Stephanie Jacek,SALE,*400000004723,*3102061733556,LBB AUB Danse 0G14-02 blk - 32E,Bra,general,Aubade,OG14-02,77.02,232.0,1.0,0.0,232.0,0.0,232.0,13.92,245.92,9065DE2B-53D4-48D7-B8D3-6EAB000516D5,75969854
09/06/2025 01:10 PM,Register 1,Stephanie Jacek,SALE,*400000003931,*,LBB AA Cosmic Dream Body - Medium,general,general,not tracked,,80.6,243.0,1.0,0.0,243.0,0.0,243.0,14.58,257.58,0385FE36-3FC0-4E55-B4E7-FE46CA78AD79,
09/06/2025 12:59 PM,Register 1,Stephanie Jacek,SALE,*400000008721,*3340443823314,LBB CH Norah Plunge - 32F,Bra,Padded Plunge,Chantelle,C16MNA,40.32,122.0,1.0,0.0,122.0,0.0,122.0,7.32,129.32,A9BD7A48-68B7-4C89-AE66-179D55FBB044,75916027
09/06/2025 12:59 PM,Register 1,Stephanie Jacek,SALE,*400000021164,*,LBB SP Subtile - 32F Nude,Bra,Molded,Simone Perele,,36.0,91.0,1.0,0.0,91.0,0.0,91.0,5.46,96.46,A9BD7A48-68B7-4C89-AE66-179D55FBB044,75916027
09/06/2025 12:59 PM,Register 1,Stephanie Jacek,SALE,*400000021164,*,LBB SP Subtile - 32F Nude,Bra,Molded,Simone Perele,,36.0,91.0,1.0,0.0,91.0,0.0,91.0,5.46,96.46,A9BD7A48-68B7-4C89-AE66-179D55FBB044,75916027
09/06/2025 12:56 PM,Register 1,Stephanie Jacek,SALE,*400000015781,*,LBB SP Intrigue PNK Bra - 32E,general,general,not tracked,,63.5,160.0,2.0,0.0,320.0,0.0,320.0,19.2,339.2,B07B992A-F641-42BE-80B4-15189FB81F79,75921360
09/06/2025 12:56 PM,Register 1,Stephanie Jacek,SALE,*400000015859,*,LBB SP Intrigue PNK Brief - Medium,general,general,not tracked,,29.5,75.0,2.0,0.0,150.0,0.0,150.0,9.0,159.0,B07B992A-F641-42BE-80B4-15189FB81F79,75921360
09/06/2025 12:56 PM,Register 1,Stephanie Jacek,SALE,*400000008714,*3340443823277,LBB CH Norah Plunge - 32E,Bra,Padded Plunge,Chantelle,C16MNA,40.32,122.0,1.0,0.0,122.0,0.0,122.0,7.32,129.32,B07B992A-F641-42BE-80B4-15189FB81F79,75921360
09/06/2025 12:48 PM,Register 1,Stephanie Jacek,SALE,*400000003177,*,LBB LJT Adriana OP Thongs - M,general,general,not tracked,,36.0,92.0,1.0,0.0,92.0,0.0,92.0,5.52,97.52,9F7071C4-B2EB-4606-A55F-E88CC78AAF83,75969372
09/06/2025 12:48 PM,Register 1,Stephanie Jacek,SALE,*400000004211,*,LBB AJ Marsmellou White Thongs - Medium,general,general,not tracked,,22.0,88.0,1.0,0.0,88.0,0.0,88.0,5.28,93.28,9F7071C4-B2EB-4606-A55F-E88CC78AAF83,75969372
09/06/2025 12:48 PM,Register 1,Stephanie Jacek,SALE,*400000004143,*,LBB AJ Marsmellou White Bra - 32E,general,general,not tracked,,48.0,192.0,1.0,0.0,192.0,0.0,192.0,11.52,203.52,9F7071C4-B2EB-4606-A55F-E88CC78AAF83,75969372
09/06/2025 12:48 PM,Register 1,Stephanie Jacek,SALE,*400000013923,*,LBB LJT Adriana Chemise - Medium,general,general,not tracked,,65.0,216.0,1.0,0.0,216.0,0.0,216.0,12.96,228.96,9F7071C4-B2EB-4606-A55F-E88CC78AAF83,75969372
09/06/2025 12:45 PM,Register 1,Stephanie Jacek,SALE,*400000011332,*,LBB EL Smoothie Sahara - 42G,general,general,not tracked,,29.25,76.0,1.0,0.0,76.0,0.0,76.0,4.56,80.56,E6388AC8-CFE9-4374-AF43-7C3D9708D19C,75969297
09/06/2025 12:45 PM,Register 1,Stephanie Jacek,SALE,*400000011042,*,LBB EL Smoothie Clove - 42G,general,general,not tracked,,29.25,76.0,1.0,0.0,76.0,0.0,76.0,4.56,80.56,E6388AC8-CFE9-4374-AF43-7C3D9708D19C,75969297
09/06/2025 12:45 PM,Register 1,Stephanie Jacek,SALE,*400000017808,*,LBB EL Reja - 44G Bra Black,Set,Bra and Panty,Elomi,EL303102BLK,32.4,82.0,1.0,0.0,82.0,0.0,82.0,4.92,86.92,E6388AC8-CFE9-4374-AF43-7C3D9708D19C,75969297
09/06/2025 12:45 PM,Register 1,Stephanie Jacek,SALE,*400000002743,*,LBB EUC 3.3 OZ Bottle - Grapefruit,general,general,not tracked,,3.85,7.0,1.0,0.0,7.0,0.0,7.0,0.42,7.42,E6388AC8-CFE9-4374-AF43-7C3D9708D19C,75969297
09/06/2025 12:07 PM,Register 1,Janiyah  Chinn,SALE,*400000001944,*,LBB CK HAPPY BOOBS DENIM - 30F,general,general,not tracked,,22.2,76.0,1.0,0.0,76.0,0.0,76.0,4.56,80.56,F8B53135-2B40-4161-9190-34CB681F7269,75968984
09/06/2025 12:07 PM,Register 1,Janiyah  Chinn,SALE,*400000019635,*3340443574605,LBB CH Norah Chic - 38H,general,general,not tracked,,40.32,122.0,1.0,0.0,122.0,0.0,122.0,7.32,129.32,F8B53135-2B40-4161-9190-34CB681F7269,75968984
09/05/2025 08:03 PM,Register 1,Alexandra Rouffignac,SALE,*400000002743,*,LBB EUC 3.3 OZ Bottle - Grapefruit,general,general,not tracked,,3.85,7.0,1.0,0.0,7.0,0.0,7.0,0.42,7.42,FBF7C41E-6989-4ACD-A0EF-647DF1CEF7F9,75967528
09/05/2025 08:03 PM,Register 1,Alexandra Rouffignac,SALE,*400000002736,*,LBB EUC 16.9 OZ Bottle - Eucalyptus,general,general,not tracked,,8.85,21.0,1.0,0.0,21.0,0.0,21.0,1.26,22.26,FBF7C41E-6989-4ACD-A0EF-647DF1CEF7F9,75967528
09/05/2025 08:03 PM,Register 1,Alexandra Rouffignac,SALE,*400000003498,*,LBB ML Silhouette Blk - Large,general,general,not tracked,,26.75,134.0,1.0,0.0,134.0,0.0,134.0,8.04,142.04,FBF7C41E-6989-4ACD-A0EF-647DF1CEF7F9,75967528
09/05/2025 08:03 PM,Register 1,Alexandra Rouffignac,SALE,*400000011936,*,LBB EP Melody - 32G,general,general,not tracked,,101.0,254.0,1.0,0.0,254.0,0.0,254.0,15.24,269.24,FBF7C41E-6989-4ACD-A0EF-647DF1CEF7F9,75967528
09/05/2025 08:03 PM,Register 1,Alexandra Rouffignac,SALE,*400000020334,*3102062401010,LBB AUB Sound Heart - 32G Tria,Bra,Set,Aubade,4C/26/50/14,78.79,238.0,1.0,0.0,238.0,0.0,238.0,14.28,252.28,FBF7C41E-6989-4ACD-A0EF-647DF1CEF7F9,75967528
09/05/2025 07:49 PM,Register 1,Alexandra Rouffignac,SALE,*400000002736,*,LBB EUC 16.9 OZ Bottle - Eucalyptus,general,general,not tracked,,8.85,21.0,1.0,0.0,21.0,0.0,21.0,1.26,22.26,6B886461-79B5-4A40-B301-947A9F5A2B1F,75967460
09/05/2025 07:49 PM,Register 1,Alexandra Rouffignac,SALE,*409999999980,*,Custom amount,general,general,not tracked,,0.0,93.0,1.0,0.0,93.0,0.0,93.0,0.0,93.0,6B886461-79B5-4A40-B301-947A9F5A2B1F,75967460
09/05/2025 07:49 PM,Register 1,Alexandra Rouffignac,SALE,*409999999980,*,Custom amount,general,general,not tracked,,0.0,185.0,1.0,0.0,185.0,0.0,185.0,0.0,185.0,6B886461-79B5-4A40-B301-947A9F5A2B1F,75967460
09/05/2025 07:49 PM,Register 1,Alexandra Rouffignac,SALE,*400000003207,*,LBB LJT Adrianna Ouvert - M,general,general,not tracked,,60.0,198.0,1.0,0.0,198.0,0.0,198.0,11.88,209.88,6B886461-79B5-4A40-B301-947A9F5A2B1F,75967460
09/05/2025 07:49 PM,Register 1,Alexandra Rouffignac,SALE,*400000013961,*,LBB LJT Adrianna Bra - 32D,general,general,not tracked,,72.0,258.0,1.0,0.0,258.0,0.0,258.0,15.48,273.48,6B886461-79B5-4A40-B301-947A9F5A2B1F,75967460
09/05/2025 04:32 PM,Register 1,Alexandra Rouffignac,SALE,*400000022949,*3340443029662,LBB CH Cami - XS/S nude,general,general,Chantelle,C10620,23.92,61.0,1.0,0.0,61.0,0.0,61.0,3.66,64.66,2AD029EA-5995-4AAC-9310-3E0E3738C1A5,75966237
09/04/2025 02:55 PM,Register 1,Alexandra Rouffignac,SALE,*400000015453,*,LBB SP Comete Pnk - 32E,general,general,not tracked,,54.5,136.0,1.0,0.0,136.0,0.0,136.0,8.16,144.16,EC9EB5EB-C437-447A-9648-536FE9043CC6,75961316
09/04/2025 02:55 PM,Register 1,Alexandra Rouffignac,SALE,*400000013350,*,LBB HT Cotton Bra White - 34E,general,general,not tracked,,39.0,107.0,1.0,0.0,107.0,0.0,107.0,6.42,113.42,EC9EB5EB-C437-447A-9648-536FE9043CC6,75961316
09/04/2025 01:15 PM,Register 1,Alexandra Rouffignac,SALE,*400000013992,*,LBB LJT Adrianna Ouvert - Small,general,general,not tracked,,60.0,198.0,1.0,0.0,198.0,0.0,198.0,11.88,209.88,3D26E8AE-35A0-4434-B061-0D904807B7A7,75960709
09/04/2025 01:15 PM,Register 1,Alexandra Rouffignac,SALE,*400000003191,*,LBB LJT Adrianna Bra - 32B,general,general,not tracked,,72.0,258.0,1.0,0.0,258.0,0.0,258.0,15.48,273.48,3D26E8AE-35A0-4434-B061-0D904807B7A7,75960709
09/03/2025 05:36 PM,Register 1,Alexandra Rouffignac,SALE,*400000002736,*,LBB EUC 16.9 OZ Bottle - Eucalyptus,general,general,not tracked,,8.85,21.0,1.0,0.0,21.0,0.0,21.0,1.26,22.26,F0BDE872-71F1-406E-8583-2E7CBA1C50F7,75958610
09/03/2025 05:36 PM,Register 1,Alexandra Rouffignac,SALE,*400000002743,*,LBB EUC 3.3 OZ Bottle - Grapefruit,general,general,not tracked,,3.85,7.0,1.0,0.0,7.0,0.0,7.0,0.42,7.42,F0BDE872-71F1-406E-8583-2E7CBA1C50F7,75958610
09/03/2025 05:36 PM,Register 1,Alexandra Rouffignac,SALE,*409999999980,*,Custom amount,general,general,not tracked,,0.0,10.0,1.0,0.0,10.0,0.0,10.0,0.0,10.0,F0BDE872-71F1-406E-8583-2E7CBA1C50F7,75958610
09/03/2025 05:36 PM,Register 1,Alexandra Rouffignac,SALE,*400000011448,*,LBB EMP Leia - 34F,general,general,not tracked,,95.0,240.0,4.0,0.0,960.0,0.0,960.0,57.6,1017.6,F0BDE872-71F1-406E-8583-2E7CBA1C50F7,75958610
09/03/2025 05:28 PM,Register 1,Alexandra Rouffignac,SALE,*400000002309,*,LBB EL Plain Sailing - 36H/36HH,general,general,not tracked,,43.58,110.0,1.0,0.0,110.0,0.0,110.0,6.6,116.6,0C18ACFC-30A6-425F-8EDE-DB00561A1FB5,75917039
09/03/2025 05:28 PM,Register 1,Alexandra Rouffignac,SALE,*400000013152,*,LBB FR Sonic Sports Bra - 36H,general,general,not tracked,,34.83,85.0,1.0,0.0,85.0,0.0,85.0,5.1,90.1,0C18ACFC-30A6-425F-8EDE-DB00561A1FB5,75917039
09/03/2025 05:28 PM,Register 1,Alexandra Rouffignac,SALE,*400000010854,*,LBB EL Smoothie Clove - 34HH,general,general,not tracked,,29.25,76.0,1.0,0.0,76.0,0.0,76.0,4.56,80.56,0C18ACFC-30A6-425F-8EDE-DB00561A1FB5,75917039
09/02/2025 02:55 PM,Register 1,Ashley Harriet,SALE,*409999999980,*,Custom amount,general,general,not tracked,,0.0,50.0,1.0,0.0,50.0,0.0,50.0,0.0,50.0,7AC2D76D-6837-4949-9AE2-2F93F52137E5,75954230
09/02/2025 02:55 PM,Register 1,Ashley Harriet,SALE,*400000004891,*3102061733266,LBB AUB Danse Plunge Blk - 30D,general,general,Aubade,OG12/OG12-02,65.58,232.0,1.0,0.0,232.0,0.0,232.0,13.92,245.92,7AC2D76D-6837-4949-9AE2-2F93F52137E5,75954230
09/02/2025 02:55 PM,Register 1,Ashley Harriet,SALE,*400000003894,*400000224831,LBB SP Strapless Nude - 30D,general,general,not tracked,,40.5,102.0,1.0,0.0,102.0,0.0,102.0,6.12,108.12,7AC2D76D-6837-4949-9AE2-2F93F52137E5,75954230
09/02/2025 02:55 PM,Register 1,Ashley Harriet,SALE,*400000015446,*,LBB SP Comete Pnk - 32D,general,general,not tracked,,54.5,136.0,1.0,0.0,136.0,0.0,136.0,8.16,144.16,7AC2D76D-6837-4949-9AE2-2F93F52137E5,75954230
09/02/2025 02:55 PM,Register 1,Ashley Harriet,SALE,*400000002736,*,LBB EUC 16.9 OZ Bottle - Eucalyptus,general,general,not tracked,,8.85,21.0,1.0,0.0,21.0,0.0,21.0,1.26,22.26,7AC2D76D-6837-4949-9AE2-2F93F52137E5,75954230
09/02/2025 02:55 PM,Register 1,Ashley Harriet,SALE,*400000015163,*3546608807748,LBB SP Comete Blk - 32D,general,general,not tracked,,54.5,136.0,1.0,0.0,136.0,0.0,136.0,8.16,144.16,7AC2D76D-6837-4949-9AE2-2F93F52137E5,75954230
09/02/2025 02:55 PM,Register 1,Ashley Harriet,SALE,*400000019680,*3340443823215,LBB CH Norah Plunge - 30D,Bra,Padded Plunge,Chantelle,C16MNA,40.32,122.0,2.0,0.0,244.0,0.0,244.0,14.64,258.64,7AC2D76D-6837-4949-9AE2-2F93F52137E5,75954230
09/02/2025 12:56 PM,Register 1,Ashley Harriet,SALE,*400000002743,*,LBB EUC 3.3 OZ Bottle - Grapefruit,general,general,not tracked,,3.85,7.0,1.0,0.0,7.0,0.0,7.0,0.42,7.42,BCBD3CB2-8DB7-4CD1-9968-B2879497576A,75953489
09/02/2025 12:56 PM,Register 1,Ashley Harriet,SALE,*400000015415,*,LBB SP Comete Pnk - 30G,general,general,not tracked,,54.5,136.0,1.0,0.0,136.0,0.0,136.0,8.16,144.16,BCBD3CB2-8DB7-4CD1-9968-B2879497576A,75953489
09/02/2025 12:56 PM,Register 1,Ashley Harriet,SALE,*400000008387,*3340443583638,LBB CH Norah - 30G,general,general,Chantelle,C13F10,39.36,119.0,1.0,0.0,119.0,0.0,119.0,7.14,126.14,BCBD3CB2-8DB7-4CD1-9968-B2879497576A,75953489
09/02/2025 12:13 PM,Register 1,Ashley Harriet,SALE,*400000019680,*3340443823215,LBB CH Norah Plunge - 30D,Bra,Padded Plunge,Chantelle,C16MNA,40.32,122.0,1.0,0.0,122.0,0.0,122.0,7.32,129.32,CAC542E4-D5F9-4023-B346-81DDF0ABBF81,
